cell_line,mark,occupancy_bin,n_peaks,median_bp,null_median_bp,w1_vs_null,w1_noise
A549,H3K4me3,0-80,16479,942.0000000000001,1527.9999999999995,0.1495314723380993,0.004189777921345645
A549,H3K4me3,80-90,13635,913.0000000000003,1423.9999999999993,0.16426950494358084,0.011240695323644908
A549,H3K4me3,90-95,13670,1257.9999999999993,1354.0,0.055018647703582,0.014921598161244535
A549,H3K4me3,95-99,11433,1923.9999999999993,1304.0000000000002,0.13136691283460009,0.014126498975728064
A549,H3K4me3,99-100,4052,2113.4994677075265,1223.0,0.17771799950707906,0.022689098913086927
A549,H3K27ac,0-80,33367,1099.9999999999998,1745.9999999999993,0.14968214053493523,0.0029542787804643627
A549,H3K27ac,80-90,20609,1194.9999999999993,1640.9999999999993,0.1298316976622218,0.01009771337135708
A549,H3K27ac,90-95,16077,1800.9999999999998,1507.9999999999995,0.0790563984541994,0.013717924938826004
A549,H3K27ac,95-99,11502,2430.4999485702515,1411.0,0.21106391343533287,0.01374417736445883
A549,H3K27ac,99-100,3248,3388.499963110518,1263.0000000000005,0.4052079990500846,0.020641534722648156
A549,H3K27me3,0-80,18952,1356.9999999999993,1213.0000000000005,0.03772411395364801,0.002561075889608271
A549,H3K27me3,80-90,2565,1396.9999999999993,1126.0000000000002,0.07066039157701519,0.007255194493583151
A549,H3K27me3,90-95,782,1245.9995987158263,1056.9999999999998,0.04906716601890998,0.009086349941388999
A549,H3K27me3,95-99,242,1270.4951790542138,1017.0000000000002,0.06204059332598031,0.010591582891720772
A549,H3K27me3,99-100,42,1193.1353653295173,952.0,0.10272084895200007,0.014560533345645044
A549,H3K9me3,0-80,8590,883.0,784.0,0.04424644646006968,0.0035471995589321575
A549,H3K9me3,80-90,901,973.0,749.0000000000003,0.10696641354768775,0.009262334750597689
A549,H3K9me3,90-95,495,890.0,729.0000000000001,0.07164198027793604,0.011278154621582812
A549,H3K9me3,95-99,471,906.9999999999998,729.0000000000001,0.08153302830043652,0.011559821117087896
A549,H3K9me3,99-100,239,901.9999999999998,712.0000000000003,0.09237407217054275,0.017512194534653667
A549,bivalent,0-80,2115,736.9999999999998,778.0000000000001,0.024293729472517754,0.01772898159711301
A549,bivalent,80-90,1534,643.9999999999999,697.9999999999998,0.03736130629977007,0.04086474365860639
A549,bivalent,90-95,661,596.9999999999999,702.9999999999998,0.058278918399070026,0.054641886573617446
A549,bivalent,95-99,218,565.4997789566328,658.9999999999997,0.07418299015672529,0.05590261643432187
A549,bivalent,99-100,36,678.4025353726208,650.0000000000002,0.06213431017396182,0.07728937146918734
