cell_line,mark,occupancy_bin,pct_overlap,pct_bp_covered
A549,H3K4me3,0-80,8.125703987384545,6.087198409912142
A549,H3K4me3,80-90,46.17077306013492,34.56790527722665
A549,H3K4me3,90-95,83.66841090608648,67.81619948912146
A549,H3K4me3,95-99,97.20245156188216,86.03517912218267
A549,H3K4me3,99-100,99.38517179023508,85.28949695479206
A549,H3K27ac,0-80,17.196665915746788,13.443232943005182
A549,H3K27ac,80-90,66.40453086108005,52.30207343999134
A549,H3K27ac,90-95,94.04434040209308,82.8820858668411
A549,H3K27ac,95-99,98.98181099248715,93.053941886121
A549,H3K27ac,99-100,99.74683544303798,94.59672894032549
A549,H3K27me3,0-80,8.964181121874295,7.122005839738679
A549,H3K27me3,80-90,7.6476317593160426,4.393259042963818
A549,H3K27me3,90-95,4.14486367391903,1.7712140711925086
A549,H3K27me3,95-99,1.9177540529853696,0.6117354962435746
A549,H3K27me3,99-100,1.1573236889692586,0.3313904086799277
A549,H3K9me3,0-80,4.031989186753774,3.1524615485920253
A549,H3K9me3,80-90,3.015764222069911,1.7059151769416687
A549,H3K9me3,90-95,3.057009088405398,1.0681001810795925
A549,H3K9me3,95-99,4.122182680901542,1.0525745541716094
A549,H3K9me3,99-100,7.3779385171790235,1.5288809222423148
A549,bivalent,0-80,0.9993241721108357,0.6849302279342194
A549,bivalent,80-90,4.498394718805239,2.4324343768262326
A549,bivalent,90-95,3.511429358303498,1.3807800130817955
A549,bivalent,95-99,1.7101621194147887,0.4811351542111506
A549,bivalent,99-100,1.0849909584086799,0.2201531320072333
HepG2,H3K4me3,0-80,1.2061369996987386,0.7372961789361544
HepG2,H3K4me3,80-90,9.638471249856536,5.287479486743947
HepG2,H3K4me3,90-95,29.789247624940852,15.680268387143743
HepG2,H3K4me3,95-99,72.35188509874327,44.39873442594255
HepG2,H3K4me3,99-100,96.41564083997103,67.059731788559
HepG2,H3K27ac,0-80,1.5635028401524647,0.8761394124748403
HepG2,H3K27ac,80-90,8.575691495466545,4.3339761650407445
HepG2,H3K27ac,90-95,26.74989990172169,14.942132103883814
HepG2,H3K27ac,95-99,70.69569120287254,44.918762110861756
HepG2,H3K27ac,99-100,94.96741491672701,61.580798421433734
HepG2,H3K27me3,0-80,5.791858957286377,3.8319691997362875
HepG2,H3K27me3,80-90,9.154137495696087,4.682444877768851
HepG2,H3K27me3,90-95,11.811596840534342,4.9845417853892915
HepG2,H3K27me3,95-99,22.841113105924595,6.117427742818672
HepG2,H3K27me3,99-100,55.123099203475746,11.236520823678495
HepG2,H3K9me3,0-80,6.63408095635203,5.586125796574352
HepG2,H3K9me3,80-90,2.474463445426374,1.6974326289452544
HepG2,H3K9me3,90-95,1.7726495104284206,0.9065504750118297
HepG2,H3K9me3,95-99,1.6337522441651704,0.464677065529623
HepG2,H3K9me3,99-100,1.556842867487328,0.23959697863866763
HepG2,bivalent,0-80,0.24122739993974773,0.09637102121054678
HepG2,bivalent,80-90,2.887639159876047,1.020531620107885
HepG2,bivalent,90-95,6.9049612346667635,2.1846086211917153
HepG2,bivalent,95-99,20.09874326750449,4.629744778725314
HepG2,bivalent,99-100,53.81969587255612,10.517428034033308
K562,H3K4me3,0-50,0.6077505506241295,0.34795383687144293
K562,H3K4me3,50-80,1.544023365151731,0.7479702346310015
K562,H3K4me3,80-90,4.715978919740871,1.9767721819734623
K562,H3K4me3,90-95,16.677105080027836,6.648619299930411
K562,H3K4me3,95-99,59.961266419669926,31.107638964297745
K562,H3K4me3,99-100,94.87829614604463,58.049560008451664
K562,H3K27ac,0-50,0.5595459714554321,0.2769462164998149
K562,H3K27ac,50-80,1.5306667616469583,0.6286394988602365
K562,H3K27ac,80-90,4.9721915553981715,1.8949841283562814
K562,H3K27ac,90-95,17.226861517049407,6.593250922407794
K562,H3K27ac,95-99,64.37352643987875,31.745798295301448
K562,H3K27ac,99-100,96.70385395537525,58.60532961967546
K562,H3K27me3,0-50,11.328608751927517,8.601409490070123
K562,H3K27me3,50-80,14.037790283516172,9.698045644411597
K562,H3K27me3,80-90,15.245693336388443,9.558705726248256
K562,H3K27me3,90-95,13.3785664578984,7.189168574112735
K562,H3K27me3,95-99,7.393061636914785,2.9918122928595485
K562,H3K27me3,99-100,1.9607843137254901,0.5438561697092631
K562,H3K9me3,0-50,0.17950213458398917,0.06678006437042423
K562,H3K9me3,50-80,0.6010471577147741,0.17278692807023793
K562,H3K9me3,80-90,1.460203720290791,0.36897062699189703
K562,H3K9me3,90-95,1.4196242171189979,0.36346710020876827
K562,H3K9me3,95-99,1.6840687100033682,0.277225626052543
K562,H3K9me3,99-100,3.5665990534144694,0.34059684077079105
K562,bivalent,0-50,0.018642654927120535,0.00709526271495647
K562,bivalent,50-80,0.12020943154295483,0.038714508655079076
K562,bivalent,80-90,0.5478367738038203,0.16965764284375195
K562,bivalent,90-95,2.1572720946416144,0.603669556019485
K562,bivalent,95-99,2.7197709666554397,0.6068759245537219
K562,bivalent,99-100,0.6423258958755916,0.06766694219066936
