cell_line,mark,odds,lower,upper
A549,H3K4me3,677.8532413135647,420.73299333931544,1092.105977029325
A549,H3K27ac,952.8065746186821,453.7817794488854,2000.6100062879368
A549,H3K27me3,0.12908721948680696,0.09107834017624171,0.18295799201643592
A549,H3K9me3,1.9728161325062428,1.7084104018889903,2.278143172374448
A549,bivalent,0.7144157929902563,0.49787950898945377,1.0251273974095367
HepG2,H3K4me3,406.98491782282196,353.37828212919396,468.7235512529119
HepG2,H3K27ac,288.14151567431094,255.38216015540118,325.1031043224309
HepG2,H3K27me3,16.098179889521255,15.25553907238581,16.987364033859603
HepG2,H3K9me3,0.2516676027602522,0.20332611703767628,0.3115024434728955
HepG2,bivalent,71.93580075196141,67.9681237484535,76.13509310595957
K562,H3K4me3,411.3770899543299,366.55580424447754,461.6789808801463
K562,H3K27ac,626.3800709458991,543.1701587347949,722.337166298116
K562,H3K27me3,0.14587397380186656,0.12155152102581152,0.1750633480615105
K562,H3K9me3,7.478011467644669,6.486755335124054,8.620743749564545
K562,bivalent,2.15935131959172,1.5642026502882593,2.980942476068059
