cell_line,mark,n_peaks,total_bp,mean_width,null_median_or
A549,H3K4me3,58271,79594726,1365.9406222649345,2.918957457220311
A549,H3K27ac,101152,154593629,1528.3299292154381,2.7410853895924725
A549,H3K27me3,163322,194415334,1190.380561100158,2.9115841589155123
A549,H3K9me3,70372,56764438,806.6338600579776,3.73286468487127
A549,bivalent,5730,4279184,746.8034904013962,3.9229688587292313
HepG2,H3K4me3,46100,57767010,1253.0804772234274,4.019198754486561
HepG2,H3K27ac,56377,56741729,1006.4694644979336,4.331664185574683
HepG2,H3K27me3,135407,73002885,539.1367137592591,6.1007917250880785
HepG2,H3K9me3,169490,189263743,1116.6661336952031,3.543967630388884
HepG2,bivalent,16499,7376378,447.08030789744834,7.5383586977713035
K562,H3K4me3,43677,41889301,959.0700139661607,4.238851556941067
K562,H3K27ac,52334,41296657,789.0980433370275,4.572764385834556
K562,H3K27me3,163784,147018759,897.6381026229668,4.3811385261825695
K562,H3K9me3,5584,1460342,261.522564469914,6.94883286402132
K562,bivalent,2135,825037,386.4341920374707,5.594562020371546
