cell_line,mark,observed_or,null_median,null_p2.5,null_p97.5,p_value,p_adjusted
A549,H3K4me3,677.8532413135647,2.918957457220311,2.608184799416272,3.2564413797477956,0.004975124378109453,0.006218905472636815
A549,H3K27ac,952.8065746186821,2.7410853895924725,2.5184479752132756,3.0221720958822313,0.004975124378109453,0.006218905472636815
A549,H3K27me3,0.12908721948680696,2.9115841589155123,2.6696753572325176,3.1739338523406606,0.004975124378109453,0.006218905472636815
A549,H3K9me3,1.9728161325062428,3.73286468487127,3.2889333419519757,4.11950081170725,1.0,1.0
A549,bivalent,0.7144157929902563,3.9229688587292313,2.898234328590228,5.002763723505095,0.004975124378109453,0.006218905472636815
HepG2,H3K4me3,406.98491782282196,4.019198754486561,3.7658264111558317,4.328911329070247,0.004975124378109453,0.004975124378109453
HepG2,H3K27ac,288.14151567431094,4.331664185574683,4.014120651357408,4.638768641124854,0.004975124378109453,0.004975124378109453
HepG2,H3K27me3,16.098179889521255,6.1007917250880785,5.749418858485243,6.416663843594115,0.004975124378109453,0.004975124378109453
HepG2,H3K9me3,0.2516676027602522,3.543967630388884,3.300200205105509,3.7241084344027313,0.004975124378109453,0.004975124378109453
HepG2,bivalent,71.93580075196141,7.5383586977713035,5.759549645795398,9.155017924143252,0.004975124378109453,0.004975124378109453
K562,H3K4me3,411.3770899543299,4.238851556941067,3.914043118439939,4.561620011899597,0.004975124378109453,0.008291873963515755
K562,H3K27ac,626.3800709458991,4.572764385834556,4.2295720249793005,4.9521371483376395,0.004975124378109453,0.008291873963515755
K562,H3K27me3,0.14587397380186656,4.3811385261825695,4.139642203707546,4.604721485196448,0.004975124378109453,0.008291873963515755
K562,H3K9me3,7.478011467644669,6.94883286402132,5.413471827444073,8.706699299908498,0.24378109452736318,0.30472636815920395
K562,bivalent,2.15935131959172,5.594562020371546,4.538226570774811,6.8838954710106215,1.0,1.0
