cell_line,mark,file,n_peaks,size_bytes,selected
A549,H3K4me3,A549/H3K4me3_ENCSR000ASH.bed.gz,58271,1641421,True
A549,H3K4me3,A549/H3K4me3_ENCSR000AST.bed.gz,51979,1408540,False
A549,H3K4me3,A549/H3K4me3_ENCSR000DPD.bed.gz,33919,912992,False
A549,H3K4me3,A549/H3K4me3_ENCSR139DGM.bed.gz,24213,708109,False
A549,H3K4me3,A549/H3K4me3_ENCSR203XPU.bed.gz,24388,716757,False
A549,H3K4me3,A549/H3K4me3_ENCSR252FZA.bed.gz,24367,715032,False
A549,H3K4me3,A549/H3K4me3_ENCSR285FZP.bed.gz,23124,680825,False
A549,H3K4me3,A549/H3K4me3_ENCSR483JJT.bed.gz,27739,800883,False
A549,H3K4me3,A549/H3K4me3_ENCSR524UOX.bed.gz,21124,620293,False
A549,H3K4me3,A549/H3K4me3_ENCSR618MUP.bed.gz,24701,707454,False
A549,H3K4me3,A549/H3K4me3_ENCSR646OPC.bed.gz,25076,723026,False
A549,H3K4me3,A549/H3K4me3_ENCSR677QYM.bed.gz,28140,816931,False
A549,H3K4me3,A549/H3K4me3_ENCSR901AAW.bed.gz,25516,737703,False
A549,H3K4me3,A549/H3K4me3_ENCSR928FDN.bed.gz,24500,718034,False
A549,H3K4me3,A549/H3K4me3_ENCSR944WVU.bed.gz,20401,602774,False
A549,H3K27ac,A549/H3K27ac_ENCSR000AUI.bed.gz,50068,1428553,False
A549,H3K27ac,A549/H3K27ac_ENCSR000AVF.bed.gz,48735,1374755,False
A549,H3K27ac,A549/H3K27ac_ENCSR027BPE.bed.gz,86474,2416321,False
A549,H3K27ac,A549/H3K27ac_ENCSR102XUM.bed.gz,62700,1760335,False
A549,H3K27ac,A549/H3K27ac_ENCSR180YHA.bed.gz,47923,1369393,False
A549,H3K27ac,A549/H3K27ac_ENCSR242TBH.bed.gz,63082,1771632,False
A549,H3K27ac,A549/H3K27ac_ENCSR250EHC.bed.gz,54286,1517191,False
A549,H3K27ac,A549/H3K27ac_ENCSR325VCV.bed.gz,96699,2732712,False
A549,H3K27ac,A549/H3K27ac_ENCSR340NAL.bed.gz,58803,1619525,False
A549,H3K27ac,A549/H3K27ac_ENCSR350EFV.bed.gz,65626,1832142,False
A549,H3K27ac,A549/H3K27ac_ENCSR435JKM.bed.gz,50034,1425266,False
A549,H3K27ac,A549/H3K27ac_ENCSR480OHP.bed.gz,95845,2670024,False
A549,H3K27ac,A549/H3K27ac_ENCSR543ZVZ.bed.gz,50312,1433548,False
A549,H3K27ac,A549/H3K27ac_ENCSR569IBY.bed.gz,54509,1556581,False
A549,H3K27ac,A549/H3K27ac_ENCSR614NPG.bed.gz,52931,1510185,False
A549,H3K27ac,A549/H3K27ac_ENCSR716XDB.bed.gz,46477,1325935,False
A549,H3K27ac,A549/H3K27ac_ENCSR734FLK.bed.gz,88335,2514971,False
A549,H3K27ac,A549/H3K27ac_ENCSR778NQS.bed.gz,101152,2802662,True
A549,H3K27ac,A549/H3K27ac_ENCSR783SNV.bed.gz,55801,1581149,False
A549,H3K27ac,A549/H3K27ac_ENCSR864KVZ.bed.gz,83255,2391143,False
A549,H3K27me3,A549/H3K27me3_ENCSR000AUJ.bed.gz,153315,3185225,False
A549,H3K27me3,A549/H3K27me3_ENCSR000AUK.bed.gz,163322,3843761,True
A549,H3K9me3,A549/H3K9me3_ENCSR000AUN.bed.gz,70372,1591939,True
A549,H3K9me3,A549/H3K9me3_ENCSR013RTF.bed.gz,27370,596866,False
A549,H3K9me3,A549/H3K9me3_ENCSR032SCO.bed.gz,27498,590139,False
A549,H3K9me3,A549/H3K9me3_ENCSR037DAC.bed.gz,28250,619912,False
A549,H3K9me3,A549/H3K9me3_ENCSR109KEL.bed.gz,37273,810149,False
A549,H3K9me3,A549/H3K9me3_ENCSR299MNA.bed.gz,24352,515167,False
A549,H3K9me3,A549/H3K9me3_ENCSR354ERB.bed.gz,43780,922749,False
A549,H3K9me3,A549/H3K9me3_ENCSR451MJX.bed.gz,49662,1049501,False
A549,H3K9me3,A549/H3K9me3_ENCSR775TAI.bed.gz,44408,955113,False
A549,H3K9me3,A549/H3K9me3_ENCSR791BNU.bed.gz,31458,692632,False
A549,H3K9me3,A549/H3K9me3_ENCSR873VJA.bed.gz,47129,1007922,False
A549,H3K9me3,A549/H3K9me3_ENCSR936UEX.bed.gz,41755,924239,False
A549,H3K9me3,A549/H3K9me3_ENCSR954SQX.bed.gz,48114,992260,False
HepG2,H3K4me3,HepG2/H3K4me3_ENCSR000AMP.bed.gz,46100,1241342,True
HepG2,H3K4me3,HepG2/H3K4me3_ENCSR000DUF.bed.gz,35013,935279,False
HepG2,H3K4me3,HepG2/H3K4me3_ENCSR575RRX.bed.gz,34733,944725,False
HepG2,H3K27ac,HepG2/H3K27ac_ENCSR000AMO.bed.gz,56377,1436955,True
HepG2,H3K27me3,HepG2/H3K27me3_ENCSR000AOL.bed.gz,135407,2791148,True
HepG2,H3K27me3,HepG2/H3K27me3_ENCSR000DUE.bed.gz,65192,1132517,False
HepG2,H3K9me3,HepG2/H3K9me3_ENCSR000ATD.bed.gz,169490,3609924,True
K562,H3K4me3,K562/H3K4me3_ENCSR000AKU.bed.gz,43677,1069763,True
K562,H3K4me3,K562/H3K4me3_ENCSR000DWD.bed.gz,30800,799663,False
K562,H3K4me3,K562/H3K4me3_ENCSR000EWA.bed.gz,22884,668981,False
K562,H3K4me3,K562/H3K4me3_ENCSR668LDD.bed.gz,21402,614272,False
K562,H3K27ac,K562/H3K27ac_ENCSR000AKP.bed.gz,52334,1298162,True
K562,H3K27me3,K562/H3K27me3_ENCSR000AKQ.bed.gz,74264,1321672,False
K562,H3K27me3,K562/H3K27me3_ENCSR000EWB.bed.gz,163784,3580016,True
K562,H3K9me3,K562/H3K9me3_ENCSR000APE.bed.gz,5584,108614,True
